Gen_ID,Capacity_MW,Marginal_Cost,Cleared_Volume_MW
G_1,124.90802376947249,28.251916761943974,124.90802
G_2,240.14286128198324,32.27337188467456,240.14286
G_3,196.398788362281,32.42342843607621,196.39879
G_4,169.73169683940733,35.17221551443623,169.7317
G_5,81.20372808848731,42.66676831881398,81.203728
G_6,81.19890406724053,42.75374161084572,81.198904
G_7,61.61672243363989,43.90301308115608,61.616722
G_8,223.23522915498702,49.804375112900715,146.56332
G_9,170.22300234864176,56.034776771001,0.0
G_10,191.6145155592091,64.8518610050626,0.0
G_11,54.116898859160486,73.12602499862605,0.0
G_12,243.98197043239887,94.08205087604007,0.0
