Demand_ID,Volume_MW,Willingness_to_Pay,Cleared_Volume_MW
D_1,112.97119747472576,127.25056264596475,112.9712
D_2,165.62815382288218,122.74563216630257,165.62815
D_3,71.94780514533755,114.67178784931689,71.947805
D_4,122.27751014617786,104.73864212097254,122.27751
D_5,134.78633101792678,89.61415280890162,134.78633
D_6,47.43206603519964,85.21219949916811,47.432066
D_7,137.20717630423013,74.36910153386965,137.20718
D_8,67.28385978996664,59.76305878758231,67.28386
D_9,50.40825487764472,57.81376912051071,50.408255
D_10,191.82168596053333,52.75108168921747,191.82169
